loan_amount_000s,applicant_income_000s,population,state_name,minority_population,hud_median_family_income,number_of_owner_occupied_units,applicant_sex_name
53.0,12.0,3202.0,Pennsylvania,97.27999877929688,57400.0,710.0,Male
168.0,60.0,3733.0,Washington,4.579999923706055,63900.0,861.0,Male
103.0,50.0,5498.0,Utah,37.91999816894531,75400.0,1270.0,Male
88.0,53.0,3566.0,Missouri,11.829999923706056,55200.0,573.0,Female
90.0,29.0,2910.0,Illinois,48.65999984741211,77500.0,599.0,Male
202.0,43.0,7618.0,Michigan,26.56999969482422,79600.0,1565.0,Male
5.0,,17107.0,Florida,70.05000305175781,58400.0,2546.0,Male
185.0,51.0,7404.0,California,57.52000045776367,63200.0,1215.0,Female
1079.0,278.0,3372.0,California,33.189998626708984,97400.0,592.0,"Information not provided by applicant in mail, Internet, or telephone application"
94.0,31.0,3779.0,Wisconsin,15.369999885559082,91600.0,1019.0,Female
95.0,26.0,9786.0,Missouri,87.36000061035156,74300.0,2517.0,Female
38.0,36.0,8031.0,Arkansas,8.289999961853027,53000.0,2450.0,Male
45.0,490.0,6926.0,Texas,12.81999969482422,73400.0,2472.0,"Information not provided by applicant in mail, Internet, or telephone application"
250.0,,5871.0,Colorado,56.119998931884766,73500.0,1002.0,Not applicable
329.0,75.0,8465.0,Florida,16.219999313354492,58400.0,1838.0,Female
285.0,130.0,5548.0,Texas,49.59000015258789,64300.0,1213.0,Male
800.0,181.0,3755.0,New York,62.63999938964844,73700.0,623.0,"Information not provided by applicant in mail, Internet, or telephone application"
132.0,94.0,5921.0,Florida,31.479999542236328,52500.0,1125.0,Male
570.0,144.0,4824.0,California,37.22999954223633,75200.0,818.0,Female
107.0,12.0,3382.0,Pennsylvania,20.280000686645508,59500.0,1016.0,Male
62.0,50.0,5589.0,Florida,30.149999618530277,64300.0,1378.0,Male
199.0,119.0,12551.0,Minnesota,6.489999771118164,89800.0,3463.0,Male
250.0,72.0,2946.0,New York,35.34000015258789,73700.0,542.0,Male
170.0,81.0,6225.0,Texas,62.86000061035156,45300.0,1575.0,Female
65.0,50.0,4272.0,Michigan,2.789999961853028,55800.0,1609.0,"Information not provided by applicant in mail, Internet, or telephone application"
87.0,11.0,4519.0,Arkansas,47.52999877929688,46500.0,1212.0,Female
152.0,109.0,4919.0,California,86.13999938964844,63200.0,993.0,Male
196.0,57.0,4078.0,Pennsylvania,58.310001373291016,102600.0,1021.0,Male
304.0,219.0,3928.0,Texas,45.84999847412109,73400.0,873.0,"Information not provided by applicant in mail, Internet, or telephone application"
82.0,74.0,3524.0,Wisconsin,10.529999732971191,62600.0,1274.0,Female
144.0,39.0,4927.0,Missouri,65.9000015258789,74300.0,1145.0,Female
196.0,73.0,5451.0,Idaho,10.789999961853027,56800.0,1601.0,Female
60.0,26.0,6385.0,Pennsylvania,90.5999984741211,57400.0,1595.0,Female
290.0,223.0,5546.0,Massachusetts,7.099999904632568,104800.0,1675.0,Male
416.0,118.0,6711.0,Pennsylvania,12.859999656677246,57400.0,1702.0,Female
20.0,103.0,7970.0,Virginia,15.40999984741211,78700.0,2506.0,Female
1.0,,3466.0,Utah,10.06999969482422,67700.0,710.0,"Information not provided by applicant in mail, Internet, or telephone application"
183.0,204.0,6513.0,Texas,46.20000076293945,72500.0,1804.0,"Information not provided by applicant in mail, Internet, or telephone application"
320.0,97.0,4425.0,Illinois,28.61000061035156,77500.0,1071.0,Male
158.0,59.0,8167.0,North Carolina,18.979999542236328,67700.0,2619.0,Female
94.0,,9786.0,Missouri,87.36000061035156,74300.0,2517.0,Male
152.0,57.0,4876.0,Kentucky,21.290000915527344,47800.0,1188.0,Male
357.0,73.0,15217.0,California,67.79000091552734,63200.0,2874.0,"Information not provided by applicant in mail, Internet, or telephone application"
287.0,114.0,4616.0,Iowa,6.389999866485596,63400.0,1519.0,Male
1560.0,559.0,3951.0,Texas,20.31999969482422,73400.0,1187.0,Male
204.0,137.0,4851.0,Michigan,10.489999771118164,67000.0,1598.0,Male
22.0,131.0,4917.0,Michigan,11.510000228881836,55800.0,1485.0,Female
176.0,97.0,4649.0,Connecticut,19.51000022888184,90200.0,1491.0,Male
193.0,106.0,7727.0,Ohio,10.520000457763672,63600.0,2370.0,Male
128.0,84.0,3870.0,Pennsylvania,17.520000457763672,75200.0,997.0,Female
350.0,250.0,9054.0,Vermont,7.079999923706055,82400.0,2983.0,"Information not provided by applicant in mail, Internet, or telephone application"
182.0,58.0,3055.0,West Virginia,16.690000534057617,55100.0,918.0,Female
124.0,325.0,2910.0,Illinois,48.65999984741211,77500.0,599.0,Male
204.0,278.0,2817.0,California,63.7599983215332,50000.0,530.0,Male
95.0,124.0,2669.0,Texas,31.850000381469727,73400.0,226.0,Male
128.0,50.0,3453.0,Florida,88.79000091552734,51800.0,915.0,Male
189.0,93.0,4056.0,Montana,13.5600004196167,67400.0,916.0,"Information not provided by applicant in mail, Internet, or telephone application"
192.0,112.0,8002.0,Missouri,7.389999866485596,74300.0,2082.0,Male
24.0,36.0,4917.0,Michigan,11.510000228881836,55800.0,1485.0,Male
155.0,102.0,7321.0,Texas,36.77999877929688,73400.0,1889.0,"Information not provided by applicant in mail, Internet, or telephone application"
32.0,51.0,1156.0,Missouri,99.4800033569336,74300.0,221.0,Male
640.0,295.0,2811.0,Kansas,6.079999923706055,74600.0,973.0,Female
101.0,,6301.0,Illinois,97.6500015258789,77500.0,2022.0,Female
417.0,125.0,8787.0,California,65.12999725341797,97400.0,1463.0,Male
415.0,78.0,3571.0,Colorado,4.590000152587891,83900.0,1097.0,Male
147.0,284.0,4992.0,Idaho,3.509999990463257,59200.0,1479.0,"Information not provided by applicant in mail, Internet, or telephone application"
108.0,22.0,4344.0,California,93.5999984741211,97400.0,903.0,Female
398.0,242.0,4298.0,Florida,91.16000366210938,51800.0,715.0,Male
20.0,75.0,3201.0,Nebraska,18.739999771118164,75000.0,809.0,"Information not provided by applicant in mail, Internet, or telephone application"
136.0,148.0,4419.0,North Carolina,45.09999847412109,80200.0,1181.0,Male
344.0,141.0,6711.0,Pennsylvania,12.859999656677246,57400.0,1702.0,Male
294.0,167.0,3692.0,South Carolina,25.950000762939453,67600.0,1098.0,Male
70.0,62.0,3202.0,Pennsylvania,97.27999877929688,57400.0,710.0,"Information not provided by applicant in mail, Internet, or telephone application"
325.0,97.0,3944.0,California,52.0,63200.0,485.0,Male
89.0,96.0,5190.0,Wisconsin,14.050000190734863,67400.0,1064.0,Male
100.0,47.0,4104.0,Michigan,51.18999862670898,67000.0,879.0,Male
5.0,72.0,6711.0,Pennsylvania,12.859999656677246,57400.0,1702.0,Male
271.0,88.0,3237.0,Ohio,9.760000228881836,65700.0,669.0,Male
230.0,68.0,4824.0,California,37.22999954223633,75200.0,818.0,Male
278.0,98.0,14324.0,Texas,60.290000915527344,72500.0,3017.0,Male
356.0,115.0,2670.0,New York,45.540000915527344,73700.0,665.0,Male
78.0,34.0,3387.0,Texas,96.83999633789062,64300.0,766.0,Male
160.0,48.0,8016.0,Florida,87.91000366210938,58400.0,1155.0,Male
218.0,53.0,4262.0,Pennsylvania,32.5,102600.0,1221.0,Male
580.0,118.0,2738.0,Colorado,3.869999885559082,83900.0,1076.0,"Information not provided by applicant in mail, Internet, or telephone application"
136.0,83.0,2951.0,Missouri,9.119999885559082,50800.0,1105.0,Male
155.0,91.0,5846.0,Michigan,22.40999984741211,60900.0,1773.0,"Information not provided by applicant in mail, Internet, or telephone application"
92.0,35.0,3490.0,Michigan,34.61000061035156,67000.0,869.0,Male
17.0,94.0,3834.0,Wisconsin,2.369999885559082,74700.0,1151.0,Male
115.0,95.0,5669.0,Nebraska,9.210000038146973,72000.0,1912.0,Male
175.0,38.0,4272.0,Michigan,2.789999961853028,55800.0,1609.0,"Information not provided by applicant in mail, Internet, or telephone application"
112.0,96.0,4182.0,New York,9.520000457763672,62500.0,1068.0,Female
115.0,15.0,3609.0,Texas,27.459999084472656,73400.0,937.0,"Information not provided by applicant in mail, Internet, or telephone application"
341.0,73.0,7349.0,Georgia,42.18000030517578,69200.0,1296.0,Female
255.0,157.0,6711.0,Pennsylvania,12.859999656677246,57400.0,1702.0,"Information not provided by applicant in mail, Internet, or telephone application"
180.0,88.0,6225.0,Texas,62.86000061035156,45300.0,1575.0,Female
806.0,155.0,5691.0,California,60.0099983215332,63200.0,1342.0,Female
550.0,179.0,4755.0,Massachusetts,27.440000534057617,104800.0,1352.0,Male
123.0,36.0,5316.0,Texas,73.08000183105469,73400.0,827.0,Female
294.0,105.0,13192.0,Texas,44.43999862670898,73400.0,3149.0,Male
147.0,46.0,9786.0,Missouri,87.36000061035156,74300.0,2517.0,Female
149.0,,5921.0,Florida,31.479999542236328,52500.0,1125.0,Male
15.0,34.0,17107.0,Florida,70.05000305175781,58400.0,2546.0,"Information not provided by applicant in mail, Internet, or telephone application"
228.0,72.0,5105.0,Arkansas,11.460000038146973,64400.0,1333.0,Male
564.0,108.0,3372.0,California,33.189998626708984,97400.0,592.0,Female
114.0,66.0,8037.0,Kentucky,30.75,65600.0,1721.0,Male
435.0,151.0,2946.0,New York,35.34000015258789,73700.0,542.0,"Information not provided by applicant in mail, Internet, or telephone application"
254.0,,4876.0,Kentucky,21.290000915527344,47800.0,1188.0,Not applicable
18.0,27.0,2986.0,Pennsylvania,6.900000095367432,72200.0,1049.0,Female
40.0,59.0,3084.0,Missouri,7.650000095367432,74300.0,913.0,Male
68.0,52.0,8465.0,Florida,16.219999313354492,58400.0,1838.0,"Information not provided by applicant in mail, Internet, or telephone application"
404.0,118.0,16880.0,Florida,44.90999984741211,58400.0,3115.0,Male
170.0,32.0,7894.0,Utah,8.0600004196167,67700.0,2003.0,Female
258.0,119.0,7970.0,Virginia,15.40999984741211,78700.0,2506.0,Not applicable
97.0,50.0,4927.0,Missouri,65.9000015258789,74300.0,1145.0,Male
234.0,80.0,5823.0,Kansas,13.619999885559082,74600.0,1779.0,Female
300.0,112.0,5377.0,California,54.70000076293945,63200.0,1411.0,"Information not provided by applicant in mail, Internet, or telephone application"
185.0,275.0,2463.0,Missouri,10.720000267028809,74300.0,803.0,Male
360.0,100.0,2946.0,New York,35.34000015258789,73700.0,542.0,"Information not provided by applicant in mail, Internet, or telephone application"
93.0,,3524.0,Wisconsin,10.529999732971191,62600.0,1274.0,Male
100.0,17.0,6077.0,Wisconsin,4.440000057220459,67400.0,1692.0,"Information not provided by applicant in mail, Internet, or telephone application"
1121.0,309.0,3587.0,Massachusetts,17.84000015258789,94300.0,1071.0,Male
192.0,,5942.0,Connecticut,11.010000228881836,90200.0,2012.0,Female
162.0,92.0,5401.0,Pennsylvania,7.869999885559082,62400.0,1221.0,Female
379.0,86.0,5356.0,California,23.100000381469727,75200.0,1711.0,Male
43.0,50.0,7618.0,Michigan,26.56999969482422,79600.0,1565.0,Female
225.0,58.0,4344.0,California,93.5999984741211,97400.0,903.0,Female
25.0,80.0,2129.0,Kansas,11.31999969482422,74600.0,504.0,Male
69.0,42.0,4839.0,Connecticut,77.5999984741211,90200.0,661.0,Female
149.0,125.0,5312.0,Indiana,9.619999885559082,65600.0,1635.0,Male
356.0,58.0,3571.0,Colorado,4.590000152587891,83900.0,1097.0,Male
238.0,90.0,4824.0,California,66.19000244140625,63200.0,873.0,Male
28.0,45.0,3202.0,Pennsylvania,97.27999877929688,57400.0,710.0,Male
214.0,,5927.0,Pennsylvania,9.5,71100.0,1381.0,Not applicable
132.0,54.0,11541.0,Kentucky,6.239999771118164,73600.0,3169.0,Male
220.0,87.0,10076.0,Florida,28.86000061035156,67300.0,2177.0,Male
311.0,61.0,5431.0,California,97.80999755859376,97400.0,608.0,Female
145.0,30.0,2817.0,California,63.7599983215332,50000.0,530.0,Male
157.0,42.0,3887.0,Kansas,59.5099983215332,74600.0,1077.0,Male
216.0,91.0,11626.0,California,82.01000213623047,63200.0,1783.0,"Information not provided by applicant in mail, Internet, or telephone application"
181.0,43.0,5498.0,Utah,37.91999816894531,75400.0,1270.0,Male
264.0,196.0,2446.0,California,45.29999923706055,63200.0,570.0,Male
145.0,53.0,6552.0,Kansas,35.2599983215332,74600.0,1464.0,"Information not provided by applicant in mail, Internet, or telephone application"
123.0,100.0,2817.0,California,63.7599983215332,50000.0,530.0,Male
80.0,,3276.0,Illinois,100.0,77500.0,974.0,Female
100.0,,6428.0,Texas,73.41000366210938,37900.0,1535.0,Not applicable
286.0,192.0,4497.0,Florida,17.790000915527344,59800.0,1181.0,Male
74.0,104.0,4432.0,Arkansas,3.2699999809265137,46500.0,1321.0,Male
360.0,45.0,2946.0,New York,35.34000015258789,73700.0,542.0,"Information not provided by applicant in mail, Internet, or telephone application"
27.0,25.0,5921.0,Florida,31.479999542236328,52500.0,1125.0,Male
338.0,71.0,4824.0,California,37.22999954223633,75200.0,818.0,Female
32.0,75.0,3872.0,Missouri,19.520000457763672,74600.0,1372.0,"Information not provided by applicant in mail, Internet, or telephone application"
218.0,62.0,6147.0,Massachusetts,12.119999885559082,84000.0,1224.0,"Information not provided by applicant in mail, Internet, or telephone application"
400.0,125.0,4301.0,Georgia,30.200000762939453,69200.0,1136.0,"Information not provided by applicant in mail, Internet, or telephone application"
97.0,108.0,4917.0,Michigan,11.510000228881836,55800.0,1485.0,"Information not provided by applicant in mail, Internet, or telephone application"
82.0,65.0,5921.0,Florida,31.479999542236328,52500.0,1125.0,Male
319.0,111.0,3466.0,Utah,10.06999969482422,67700.0,710.0,Male
97.0,99.0,5751.0,Texas,63.34999847412109,64300.0,1398.0,Female
145.0,46.0,3610.0,Florida,22.850000381469727,59800.0,923.0,Male
53.0,42.0,5672.0,New Mexico,39.09000015258789,52300.0,1759.0,Male
85.0,37.0,9786.0,Missouri,87.36000061035156,74300.0,2517.0,Female
175.0,66.0,6225.0,Texas,62.86000061035156,45300.0,1575.0,Female
123.0,97.0,17107.0,Florida,70.05000305175781,58400.0,2546.0,Male
189.0,26.0,3711.0,Florida,94.63999938964844,51800.0,863.0,"Information not provided by applicant in mail, Internet, or telephone application"
220.0,72.0,6147.0,Massachusetts,12.119999885559082,84000.0,1224.0,Male
156.0,530.0,2235.0,Michigan,8.140000343322754,53700.0,766.0,Female
15.0,60.0,2946.0,New York,35.34000015258789,73700.0,542.0,"Information not provided by applicant in mail, Internet, or telephone application"
156.0,74.0,7618.0,Michigan,26.56999969482422,79600.0,1565.0,Male
112.0,82.0,4927.0,Missouri,65.9000015258789,74300.0,1145.0,"Information not provided by applicant in mail, Internet, or telephone application"
386.0,72.0,6855.0,California,42.29999923706055,63200.0,1836.0,Female
562.0,103.0,6848.0,Virginia,13.899999618530272,107600.0,1941.0,Male
77.0,62.0,2970.0,Wisconsin,2.390000104904175,89800.0,912.0,Male
11.0,45.0,3834.0,Wisconsin,2.369999885559082,74700.0,1151.0,"Information not provided by applicant in mail, Internet, or telephone application"
46.0,13.0,3118.0,Ohio,3.369999885559082,73900.0,822.0,Female
99.0,86.0,6077.0,Wisconsin,4.440000057220459,67400.0,1692.0,Female
106.0,56.0,2722.0,Ohio,23.030000686645508,67900.0,978.0,Male
424.0,143.0,2063.0,California,61.95000076293945,50000.0,447.0,Male
154.0,62.0,5262.0,Missouri,9.270000457763672,50800.0,1503.0,Male
331.0,60.0,5431.0,California,97.80999755859376,97400.0,608.0,Male
115.0,101.0,4876.0,Kentucky,21.290000915527344,47800.0,1188.0,Male
705.0,462.0,7748.0,New York,16.329999923706055,73700.0,1232.0,"Information not provided by applicant in mail, Internet, or telephone application"
75.0,84.0,2131.0,Missouri,9.899999618530272,50800.0,593.0,Male
133.0,45.0,4477.0,Illinois,32.209999084472656,69500.0,1251.0,Male
235.0,78.0,3561.0,Minnesota,13.0600004196167,89800.0,914.0,Male
330.0,185.0,2271.0,Texas,32.79999923706055,73400.0,577.0,Female
107.0,,5669.0,Nebraska,9.210000038146973,72000.0,1912.0,Not applicable
324.0,82.0,4344.0,California,93.5999984741211,97400.0,903.0,Female
61.0,49.0,6507.0,New York,7.710000038146973,62500.0,1994.0,Female
550.0,227.0,6849.0,Illinois,29.059999465942383,77500.0,1623.0,Male
231.0,48.0,8255.0,Missouri,25.600000381469727,74300.0,2059.0,Male
210.0,53.0,6711.0,Pennsylvania,12.859999656677246,57400.0,1702.0,Female
225.0,61.0,2817.0,California,63.7599983215332,50000.0,530.0,Male
105.0,,6408.0,Utah,20.32999992370605,59000.0,1437.0,Male
309.0,59.0,2386.0,Utah,6.920000076293945,75000.0,644.0,Male
5.0,71.0,4197.0,Kentucky,0.3799999952316284,73600.0,1152.0,Male
157.0,79.0,5180.0,Georgia,37.970001220703125,53400.0,1510.0,Male
142.0,113.0,6711.0,Pennsylvania,12.859999656677246,57400.0,1702.0,"Information not provided by applicant in mail, Internet, or telephone application"
133.0,43.0,7618.0,Michigan,26.56999969482422,79600.0,1565.0,Male
3542.0,1938.0,6735.0,New York,24.600000381469727,73700.0,1311.0,"Information not provided by applicant in mail, Internet, or telephone application"
83.0,135.0,8360.0,Colorado,15.359999656677246,83900.0,2364.0,Female
1400.0,535.0,6735.0,New York,24.600000381469727,73700.0,1311.0,Male
267.0,131.0,3301.0,Utah,21.6299991607666,75400.0,582.0,Female
213.0,40.0,5431.0,California,97.80999755859376,97400.0,608.0,Female
294.0,75.0,3692.0,South Carolina,25.950000762939453,67600.0,1098.0,Female
105.0,37.0,4272.0,Michigan,2.789999961853028,55800.0,1609.0,"Information not provided by applicant in mail, Internet, or telephone application"
114.0,75.0,8953.0,Idaho,16.299999237060547,64000.0,2003.0,Female
124.0,,4895.0,Illinois,36.45000076293945,77500.0,1055.0,Female
177.0,48.0,7408.0,Arkansas,20.799999237060547,64400.0,1547.0,Male
164.0,55.0,9786.0,Missouri,87.36000061035156,74300.0,2517.0,Male
229.0,62.0,7970.0,Virginia,15.40999984741211,78700.0,2506.0,Not applicable
109.0,61.0,3887.0,Kansas,59.5099983215332,74600.0,1077.0,Female
240.0,70.0,6023.0,Idaho,23.84000015258789,64000.0,663.0,Male
388.0,157.0,3759.0,California,72.5199966430664,97400.0,770.0,Male
242.0,148.0,7751.0,Texas,56.84000015258789,64300.0,2331.0,Male
360.0,142.0,2271.0,Texas,32.79999923706055,73400.0,577.0,"Information not provided by applicant in mail, Internet, or telephone application"
3.0,28.0,3524.0,Wisconsin,10.529999732971191,62600.0,1274.0,Female
20.0,48.0,3202.0,Pennsylvania,97.27999877929688,57400.0,710.0,Female
225.0,48.0,3722.0,Pennsylvania,16.899999618530273,59500.0,1019.0,Male
630.0,,6567.0,Massachusetts,20.81999969482422,84000.0,1711.0,"Information not provided by applicant in mail, Internet, or telephone application"
362.0,178.0,8396.0,Texas,33.79999923706055,73400.0,1768.0,Female
334.0,79.0,5356.0,California,23.100000381469727,75200.0,1711.0,Male
124.0,55.0,2907.0,Ohio,5.710000038146973,65700.0,860.0,Male
315.0,64.0,15525.0,Florida,32.709999084472656,67900.0,3995.0,"Information not provided by applicant in mail, Internet, or telephone application"
40.0,98.0,4453.0,Massachusetts,25.11000061035156,94300.0,1363.0,Male
96.0,29.0,6070.0,Wisconsin,54.630001068115234,68800.0,1347.0,Female
270.0,105.0,13691.0,Florida,36.77999877929688,58400.0,2947.0,Male
2590.0,,2946.0,New York,35.34000015258789,73700.0,542.0,Not applicable
229.0,57.0,4824.0,California,66.19000244140625,63200.0,873.0,Male
152.0,51.0,2669.0,Texas,31.850000381469727,73400.0,226.0,Female
248.0,43.0,6886.0,Washington,19.399999618530277,68300.0,1870.0,Female
70.0,25.0,3922.0,Michigan,29.3700008392334,61800.0,1015.0,Female
58.0,25.0,6135.0,New York,9.050000190734863,62100.0,2143.0,Female
372.0,84.0,5356.0,California,23.100000381469727,75200.0,1711.0,Female
204.0,90.0,5669.0,Nebraska,9.210000038146973,72000.0,1912.0,Male
187.0,109.0,9118.0,Florida,36.4900016784668,67900.0,2190.0,Female
116.0,152.0,,Washington,,,,Male
80.0,60.0,6070.0,Wisconsin,54.630001068115234,68800.0,1347.0,Male
156.0,,3219.0,Kentucky,5.960000038146973,47800.0,951.0,Not applicable
60.0,100.0,5600.0,Michigan,13.93000030517578,55800.0,1210.0,Female
227.0,,4649.0,Connecticut,19.51000022888184,90200.0,1491.0,Not applicable
555.0,143.0,4344.0,California,93.5999984741211,97400.0,903.0,Male
135.0,135.0,4650.0,Missouri,24.299999237060547,74600.0,1099.0,Male
190.0,50.0,3010.0,California,73.38999938964844,75200.0,516.0,Male
58.0,23.0,3872.0,Wisconsin,7.929999828338623,62600.0,597.0,Female
210.0,141.0,5431.0,California,97.80999755859376,97400.0,608.0,Male
119.0,46.0,5921.0,Florida,31.479999542236328,52500.0,1125.0,Male
135.0,,7716.0,New York,3.0799999237060547,68500.0,2310.0,Male
135.0,79.0,6885.0,Idaho,7.550000190734863,64000.0,2451.0,Male
394.0,86.0,4771.0,Florida,9.029999732971191,67900.0,2097.0,Male
98.0,45.0,5782.0,Kansas,18.06999969482422,60300.0,1545.0,Male
,11390.0,9786.0,Missouri,87.36000061035156,74300.0,2517.0,Male
464.0,120.0,7970.0,Virginia,15.40999984741211,78700.0,2506.0,Female
239.0,109.0,4344.0,California,93.5999984741211,97400.0,903.0,Male
494.0,198.0,4712.0,Washington,5.329999923706055,68300.0,1892.0,Male
495.0,98.0,2670.0,New York,45.540000915527344,73700.0,665.0,Male
424.0,132.0,5671.0,Texas,20.420000076293945,81400.0,1344.0,Male
78.0,24.0,3788.0,Illinois,46.619998931884766,77500.0,828.0,Male
253.0,100.0,2817.0,California,63.7599983215332,50000.0,530.0,Male
74.0,32.0,4927.0,Missouri,65.9000015258789,74300.0,1145.0,Female
153.0,58.0,2021.0,Colorado,7.03000020980835,83900.0,740.0,Male
203.0,56.0,5496.0,Colorado,19.649999618530277,76800.0,1553.0,"Information not provided by applicant in mail, Internet, or telephone application"
347.0,157.0,7670.0,California,67.88999938964844,75200.0,1582.0,Male
3.0,59.0,6552.0,Kansas,35.2599983215332,74600.0,1464.0,Male
200.0,53.0,7436.0,California,84.27999877929688,50000.0,878.0,Male
136.0,44.0,4927.0,Missouri,65.9000015258789,74300.0,1145.0,Male
200.0,66.0,6139.0,Massachusetts,11.760000228881836,94300.0,1793.0,Female
145.0,77.0,14077.0,Colorado,12.619999885559082,76800.0,4070.0,"Information not provided by applicant in mail, Internet, or telephone application"
362.0,96.0,3974.0,Maryland,3.0999999046325684,63000.0,1406.0,Male
111.0,52.0,6552.0,Kansas,35.2599983215332,74600.0,1464.0,Male
194.0,128.0,5669.0,Nebraska,9.210000038146973,72000.0,1912.0,Male
64.0,27.0,6077.0,Wisconsin,4.440000057220459,67400.0,1692.0,Male
148.0,39.0,3871.0,Utah,5.889999866485596,67700.0,1117.0,Female
152.0,76.0,2670.0,New York,45.540000915527344,73700.0,665.0,Female
261.0,,7853.0,Missouri,19.93000030517578,74300.0,2174.0,Male
131.0,71.0,9786.0,Missouri,87.36000061035156,74300.0,2517.0,"Information not provided by applicant in mail, Internet, or telephone application"
98.0,67.0,5669.0,Nebraska,9.210000038146973,72000.0,1912.0,Male
25.0,26.0,3202.0,Pennsylvania,97.27999877929688,57400.0,710.0,Male
170.0,74.0,4718.0,Washington,21.31999969482422,63900.0,1525.0,Male
650.0,182.0,5513.0,California,47.650001525878906,97400.0,866.0,Male
72.0,27.0,5267.0,Missouri,11.75,61500.0,1171.0,Female
815.0,171.0,6522.0,New York,16.360000610351562,73700.0,198.0,Female
165.0,63.0,4824.0,California,66.19000244140625,63200.0,873.0,Male
305.0,130.0,4824.0,California,37.22999954223633,75200.0,818.0,Female
97.0,,3972.0,Pennsylvania,13.920000076293944,65300.0,957.0,Not applicable
424.0,116.0,8465.0,Florida,16.219999313354492,58400.0,1838.0,"Information not provided by applicant in mail, Internet, or telephone application"
146.0,82.0,8023.0,Wisconsin,23.399999618530277,68800.0,1645.0,Male
180.0,72.0,5356.0,California,23.100000381469727,75200.0,1711.0,Female
262.0,136.0,6225.0,Texas,62.86000061035156,45300.0,1575.0,Male
145.0,37.0,8429.0,Utah,16.40999984741211,75000.0,2178.0,"Information not provided by applicant in mail, Internet, or telephone application"
750.0,845.0,1395.0,Massachusetts,8.170000076293945,80000.0,503.0,Female
256.0,41.0,8700.0,California,66.8499984741211,63200.0,1571.0,Female
312.0,67.0,6087.0,California,69.97000122070312,63200.0,1080.0,Female
385.0,39.0,6522.0,New York,16.360000610351562,73700.0,198.0,Male
152.0,,4824.0,California,66.19000244140625,63200.0,873.0,Male
75.0,41.0,6077.0,Wisconsin,4.440000057220459,67400.0,1692.0,"Information not provided by applicant in mail, Internet, or telephone application"
253.0,75.0,7165.0,California,49.45000076293945,63200.0,1265.0,Male
99.0,85.0,3466.0,Kentucky,16.6200008392334,54100.0,984.0,Male
1112.0,388.0,5230.0,Illinois,28.26000022888184,77500.0,1202.0,Female
81.0,62.0,9786.0,Missouri,87.36000061035156,74300.0,2517.0,Male
268.0,90.0,4262.0,Pennsylvania,32.5,102600.0,1221.0,Male
296.0,59.0,4344.0,California,93.5999984741211,97400.0,903.0,"Information not provided by applicant in mail, Internet, or telephone application"
225.0,,7466.0,New Mexico,79.36000061035156,62200.0,1890.0,Not applicable
153.0,64.0,6385.0,Pennsylvania,90.5999984741211,57400.0,1595.0,Male
194.0,,7101.0,North Carolina,19.01000022888184,80200.0,2027.0,Female
152.0,88.0,9786.0,Missouri,87.36000061035156,74300.0,2517.0,Male
130.0,30.0,4876.0,Kentucky,21.290000915527344,47800.0,1188.0,Male
130.0,126.0,4219.0,New York,5.849999904632568,68500.0,1220.0,"Information not provided by applicant in mail, Internet, or telephone application"
182.0,39.0,8796.0,New Mexico,63.9900016784668,52300.0,2224.0,Male
302.0,65.0,7747.0,New York,80.6500015258789,110800.0,1488.0,Male
200.0,149.0,6426.0,Ohio,26.15999984741211,73600.0,1790.0,Male
156.0,92.0,9786.0,Missouri,87.36000061035156,74300.0,2517.0,Female
68.0,,4876.0,Kentucky,21.290000915527344,47800.0,1188.0,Not applicable
214.0,72.0,17107.0,Florida,70.05000305175781,58400.0,2546.0,Male
257.0,93.0,5922.0,Missouri,7.510000228881836,74600.0,894.0,Male
238.0,89.0,7684.0,Utah,8.40999984741211,59000.0,1833.0,Male
300.0,218.0,4584.0,New York,11.100000381469728,110800.0,1335.0,Female
104.0,44.0,9786.0,Missouri,87.36000061035156,74300.0,2517.0,Male
57.0,,7618.0,Michigan,26.56999969482422,79600.0,1565.0,Not applicable
85.0,45.0,3202.0,Pennsylvania,97.27999877929688,57400.0,710.0,Male
194.0,110.0,10496.0,Florida,82.56999969482422,51800.0,1263.0,"Information not provided by applicant in mail, Internet, or telephone application"
93.0,57.0,3010.0,California,73.38999938964844,75200.0,516.0,"Information not provided by applicant in mail, Internet, or telephone application"
12.0,82.0,3187.0,Arkansas,3.829999923706055,62100.0,1069.0,Male
196.0,127.0,3571.0,Colorado,4.590000152587891,83900.0,1097.0,"Information not provided by applicant in mail, Internet, or telephone application"
150.0,88.0,7618.0,Michigan,26.56999969482422,79600.0,1565.0,Male
955.0,246.0,10650.0,New York,47.619998931884766,73700.0,2313.0,Male
272.0,132.0,3524.0,Florida,13.020000457763672,64300.0,1014.0,Male
130.0,76.0,4670.0,New York,73.12999725341797,73700.0,869.0,Male
138.0,89.0,3600.0,Wisconsin,9.5600004196167,91600.0,1061.0,Male
430.0,103.0,3834.0,Wisconsin,2.369999885559082,74700.0,1151.0,"Information not provided by applicant in mail, Internet, or telephone application"
109.0,44.0,5669.0,Nebraska,9.210000038146973,72000.0,1912.0,Female
113.0,39.0,4927.0,Missouri,65.9000015258789,74300.0,1145.0,Male
171.0,84.0,6218.0,Iowa,4.889999866485596,67100.0,1582.0,Male
204.0,44.0,4017.0,Illinois,89.3499984741211,77500.0,442.0,Male
127.0,33.0,8099.0,Wisconsin,10.800000190734863,72400.0,2345.0,Male
529.0,144.0,3571.0,Colorado,4.590000152587891,83900.0,1097.0,Female
369.0,126.0,7321.0,Texas,36.77999877929688,73400.0,1889.0,Female
125.0,44.0,7420.0,Florida,34.599998474121094,59800.0,2324.0,Male
290.0,,7878.0,California,37.34000015258789,63200.0,1876.0,Male
92.0,,5862.0,Ohio,5.510000228881836,67900.0,1759.0,"Information not provided by applicant in mail, Internet, or telephone application"
294.0,,3574.0,Colorado,17.959999084472656,83900.0,652.0,Not applicable
117.0,80.0,9786.0,Missouri,87.36000061035156,74300.0,2517.0,Male
165.0,39.0,7436.0,California,84.27999877929688,50000.0,878.0,Male
270.0,79.0,2738.0,Colorado,3.869999885559082,83900.0,1076.0,Female
662.0,111.0,6626.0,Hawaii,60.880001068115234,86600.0,1408.0,Male
274.0,,3593.0,Florida,52.54999923706055,59800.0,1034.0,"Information not provided by applicant in mail, Internet, or telephone application"
123.0,103.0,6852.0,Pennsylvania,5.239999771118164,63700.0,2128.0,Female
120.0,56.0,9786.0,Missouri,87.36000061035156,74300.0,2517.0,Male
136.0,29.0,5921.0,Florida,31.479999542236328,52500.0,1125.0,Female
300.0,162.0,4824.0,California,37.22999954223633,75200.0,818.0,Male
183.0,65.0,3649.0,Colorado,18.21999931335449,73500.0,1092.0,Male
420.0,151.0,2591.0,Virginia,35.7400016784668,107600.0,804.0,"Information not provided by applicant in mail, Internet, or telephone application"
526.0,411.0,5803.0,New Jersey,14.149999618530272,73700.0,1926.0,Female
13.0,105.0,5356.0,California,23.100000381469727,75200.0,1711.0,Female
68.0,13.0,1810.0,Wisconsin,4.199999809265137,62600.0,784.0,Female
12.0,19.0,3202.0,Pennsylvania,97.27999877929688,57400.0,710.0,Male
130.0,,4662.0,Arkansas,24.3700008392334,62100.0,822.0,Not applicable
18.0,98.0,3372.0,California,33.189998626708984,97400.0,592.0,"Information not provided by applicant in mail, Internet, or telephone application"
456.0,149.0,4712.0,California,42.77999877929688,97400.0,1356.0,Male
277.0,61.0,3571.0,Colorado,4.590000152587891,83900.0,1097.0,Female
200.0,52.0,6225.0,Texas,62.86000061035156,45300.0,1575.0,Female
212.0,218.0,5147.0,Florida,29.84000015258789,67900.0,1616.0,Male
262.0,157.0,7414.0,Ohio,10.239999771118164,73900.0,2123.0,"Information not provided by applicant in mail, Internet, or telephone application"
101.0,100.0,6385.0,Pennsylvania,90.5999984741211,57400.0,1595.0,Male
46.0,60.0,3064.0,Arkansas,35.70000076293945,46500.0,820.0,Male
237.0,69.0,9786.0,Missouri,87.36000061035156,74300.0,2517.0,Male
343.0,172.0,6629.0,Massachusetts,17.139999389648438,94300.0,1759.0,Male
109.0,36.0,3861.0,Michigan,26.239999771118164,61800.0,1078.0,Female
290.0,71.0,6697.0,Kansas,7.940000057220459,68500.0,1814.0,Female
138.0,35.0,4356.0,Florida,29.780000686645508,59800.0,1182.0,Male
86.0,86.0,2384.0,Oregon,4.070000171661377,53300.0,751.0,Male
142.0,31.0,8151.0,Florida,83.76000213623047,58400.0,1304.0,Male
60.0,95.0,7970.0,Virginia,15.40999984741211,78700.0,2506.0,Female
102.0,40.0,4219.0,New York,5.849999904632568,68500.0,1220.0,Female
145.0,60.0,6182.0,Arkansas,5.820000171661377,62100.0,1350.0,Female
167.0,53.0,6147.0,Massachusetts,12.119999885559082,84000.0,1224.0,"Information not provided by applicant in mail, Internet, or telephone application"
298.0,130.0,7411.0,Massachusetts,6.980000019073486,84000.0,2226.0,"Information not provided by applicant in mail, Internet, or telephone application"
240.0,68.0,3571.0,Colorado,4.590000152587891,83900.0,1097.0,Female
44.0,,4824.0,California,66.19000244140625,63200.0,873.0,Female
408.0,83.0,2738.0,Colorado,3.869999885559082,83900.0,1076.0,Male
232.0,169.0,6419.0,California,55.43999862670898,63200.0,1330.0,Male
500.0,123.0,4867.0,Missouri,12.760000228881836,74300.0,1276.0,"Information not provided by applicant in mail, Internet, or telephone application"
140.0,119.0,2958.0,Wisconsin,7.0,81300.0,831.0,"Information not provided by applicant in mail, Internet, or telephone application"
228.0,80.0,2271.0,Texas,32.79999923706055,73400.0,577.0,Female
185.0,40.0,4649.0,Connecticut,19.51000022888184,90200.0,1491.0,Female
424.0,95.0,4344.0,California,93.5999984741211,97400.0,903.0,"Information not provided by applicant in mail, Internet, or telephone application"
424.0,75.0,2124.0,Colorado,29.940000534057617,83900.0,469.0,Male
90.0,,6385.0,Pennsylvania,90.5999984741211,57400.0,1595.0,Male
70.0,21.0,2082.0,Wisconsin,30.06999969482422,72400.0,666.0,Male
115.0,,6522.0,New York,16.360000610351562,73700.0,198.0,Male
144.0,58.0,4876.0,Kentucky,21.290000915527344,47800.0,1188.0,Not applicable
49.0,39.0,3202.0,Pennsylvania,97.27999877929688,57400.0,710.0,Female
249.0,67.0,5098.0,Washington,60.34000015258789,68300.0,1250.0,Female
314.0,235.0,3199.0,New York,34.040000915527344,73700.0,795.0,Male
151.0,49.0,4916.0,California,27.34000015258789,75200.0,1199.0,Male
191.0,79.0,5937.0,Pennsylvania,7.119999885559082,57400.0,1693.0,Male
84.0,157.0,5952.0,Missouri,1.919999957084656,74300.0,1918.0,"Information not provided by applicant in mail, Internet, or telephone application"
112.0,27.0,4927.0,Missouri,65.9000015258789,74300.0,1145.0,Female
349.0,130.0,5654.0,Massachusetts,7.21999979019165,94300.0,1800.0,Male
110.0,50.0,6385.0,Pennsylvania,90.5999984741211,57400.0,1595.0,Male
22.0,13.0,5186.0,Missouri,53.27999877929688,53800.0,974.0,Female
95.0,72.0,6552.0,Kansas,35.2599983215332,74600.0,1464.0,Female
63.0,45.0,7618.0,Michigan,26.56999969482422,79600.0,1565.0,Male
200.0,135.0,2738.0,Colorado,3.869999885559082,83900.0,1076.0,Male
420.0,199.0,5521.0,Massachusetts,2.2300000190734863,94300.0,1721.0,Male
169.0,42.0,5498.0,Utah,37.91999816894531,75400.0,1270.0,Female
122.0,50.0,5059.0,Texas,67.1500015258789,60400.0,788.0,Male
35.0,53.0,8151.0,Florida,83.76000213623047,58400.0,1304.0,Male
167.0,65.0,2907.0,Ohio,5.710000038146973,65700.0,860.0,Male
190.0,40.0,6423.0,Utah,3.829999923706055,59000.0,2260.0,"Information not provided by applicant in mail, Internet, or telephone application"
143.0,49.0,7137.0,Florida,93.79000091552734,51800.0,1116.0,Male
291.0,92.0,5877.0,Colorado,31.190000534057617,83900.0,1084.0,Female
636.0,189.0,6731.0,California,23.8700008392334,83300.0,1777.0,Female
340.0,65.0,5937.0,Pennsylvania,7.119999885559082,57400.0,1693.0,Male
236.0,78.0,3692.0,South Carolina,25.950000762939453,67600.0,1098.0,Female
237.0,35.0,4824.0,California,37.22999954223633,75200.0,818.0,Male
108.0,104.0,4040.0,Kansas,13.4399995803833,74600.0,1244.0,Male
30.0,22.0,3396.0,Illinois,47.970001220703125,77500.0,1118.0,Female
233.0,56.0,6375.0,Colorado,61.709999084472656,73500.0,1525.0,Female
280.0,,5190.0,California,97.08999633789062,97400.0,501.0,Not applicable
26.0,12.0,8031.0,Arkansas,8.289999961853027,53000.0,2450.0,Female
512.0,60.0,4344.0,California,93.5999984741211,97400.0,903.0,Female
417.0,225.0,6819.0,Idaho,8.800000190734863,64000.0,2171.0,"Information not provided by applicant in mail, Internet, or telephone application"
330.0,,8150.0,Connecticut,14.600000381469728,108300.0,2519.0,"Information not provided by applicant in mail, Internet, or telephone application"
372.0,98.0,6917.0,California,88.77999877929688,64300.0,685.0,Female
241.0,43.0,8151.0,Florida,83.76000213623047,58400.0,1304.0,"Information not provided by applicant in mail, Internet, or telephone application"
82.0,67.0,5160.0,New York,11.140000343322754,68200.0,923.0,Female
82.0,30.0,3466.0,Utah,10.06999969482422,67700.0,710.0,"Information not provided by applicant in mail, Internet, or telephone application"
273.0,78.0,5464.0,Washington,19.34000015258789,76300.0,1372.0,Male
5.0,151.0,1303.0,Pennsylvania,85.26000213623047,57400.0,221.0,Male
162.0,149.0,6655.0,Texas,75.76000213623047,73400.0,1658.0,Female
276.0,215.0,5356.0,California,23.100000381469727,75200.0,1711.0,"Information not provided by applicant in mail, Internet, or telephone application"
6.0,27.0,5669.0,Nebraska,9.210000038146973,72000.0,1912.0,Female
8.0,44.0,5114.0,Illinois,31.57999992370605,77500.0,1761.0,Male
315.0,160.0,20638.0,Idaho,9.720000267028809,64000.0,5590.0,"Information not provided by applicant in mail, Internet, or telephone application"
126.0,48.0,3550.0,Florida,22.030000686645508,52500.0,989.0,"Information not provided by applicant in mail, Internet, or telephone application"
100.0,29.0,4498.0,Texas,58.7599983215332,64300.0,1123.0,"Information not provided by applicant in mail, Internet, or telephone application"
336.0,83.0,5356.0,California,23.100000381469727,75200.0,1711.0,Female
35.0,12.0,5921.0,Florida,31.479999542236328,52500.0,1125.0,Female
113.0,110.0,1290.0,Illinois,100.0,77500.0,82.0,Female
128.0,43.0,2581.0,Ohio,84.19000244140625,67900.0,401.0,Male
525.0,62.0,3372.0,California,33.189998626708984,97400.0,592.0,Female
350.0,162.0,7591.0,Wisconsin,4.369999885559082,81300.0,2435.0,"Information not provided by applicant in mail, Internet, or telephone application"
245.0,77.0,9786.0,Missouri,87.36000061035156,74300.0,2517.0,Male
613.0,228.0,6225.0,Texas,62.86000061035156,45300.0,1575.0,Male
10.0,80.0,3374.0,Pennsylvania,98.9000015258789,57400.0,876.0,Female
110.0,103.0,4640.0,Arkansas,5.46999979019165,62100.0,1280.0,Female
167.0,27.0,4486.0,Florida,26.280000686645508,59800.0,1147.0,Female
133.0,52.0,3559.0,Wisconsin,15.399999618530272,72400.0,878.0,Male
97.0,215.0,9786.0,Missouri,87.36000061035156,74300.0,2517.0,Female
493.0,236.0,7970.0,Virginia,15.40999984741211,78700.0,2506.0,Male
79.0,39.0,6374.0,Illinois,10.039999961853027,77500.0,2632.0,Not applicable
356.0,60.0,7487.0,Utah,18.32999992370605,75000.0,1831.0,Male
38.0,43.0,5467.0,South Carolina,30.36000061035156,68800.0,1541.0,Male
100.0,19.0,4852.0,Colorado,24.049999237060547,83900.0,1476.0,"Information not provided by applicant in mail, Internet, or telephone application"
88.0,79.0,5600.0,Michigan,13.93000030517578,55800.0,1210.0,Male
424.0,197.0,1810.0,Wisconsin,4.199999809265137,62600.0,784.0,Male
139.0,82.0,4927.0,Missouri,65.9000015258789,74300.0,1145.0,Male
82.0,55.0,6751.0,Missouri,21.290000915527344,53800.0,1629.0,Female
283.0,70.0,3010.0,California,73.38999938964844,75200.0,516.0,Male
4.0,53.0,5975.0,Idaho,12.229999542236328,64000.0,1858.0,Female
15.0,80.0,7894.0,Utah,8.0600004196167,67700.0,2003.0,"Information not provided by applicant in mail, Internet, or telephone application"
385.0,227.0,5421.0,Illinois,11.729999542236328,77500.0,1279.0,Female
2.0,45.0,3374.0,Pennsylvania,98.9000015258789,57400.0,876.0,"Information not provided by applicant in mail, Internet, or telephone application"
392.0,,5987.0,Idaho,8.420000076293945,64000.0,1955.0,Male
92.0,52.0,6070.0,Wisconsin,54.630001068115234,68800.0,1347.0,Male
55.0,3.0,4339.0,Georgia,33.560001373291016,69200.0,1388.0,Male
600.0,43.0,6522.0,New York,16.360000610351562,73700.0,198.0,Female
183.0,38.0,7871.0,Kansas,36.209999084472656,74600.0,1522.0,"Information not provided by applicant in mail, Internet, or telephone application"
206.0,56.0,17107.0,Florida,70.05000305175781,58400.0,2546.0,"Information not provided by applicant in mail, Internet, or telephone application"
438.0,237.0,2102.0,Hawaii,30.350000381469727,74100.0,634.0,"Information not provided by applicant in mail, Internet, or telephone application"
488.0,74.0,3923.0,New York,97.3499984741211,73700.0,331.0,Male
493.0,122.0,5908.0,Colorado,20.530000686645508,83900.0,1850.0,Male
200.0,67.0,5356.0,California,23.100000381469727,75200.0,1711.0,Female
189.0,197.0,6721.0,California,50.709999084472656,63200.0,1585.0,Male
77.0,19.0,4555.0,Michigan,3.2100000381469727,55800.0,1702.0,Male
337.0,80.0,3457.0,Colorado,9.920000076293944,83900.0,1215.0,Male
149.0,,1303.0,Pennsylvania,85.26000213623047,57400.0,221.0,"Information not provided by applicant in mail, Internet, or telephone application"
101.0,63.0,4274.0,Missouri,11.140000343322754,74300.0,1461.0,Female
160.0,65.0,5173.0,Ohio,11.0,63600.0,1666.0,"Information not provided by applicant in mail, Internet, or telephone application"
520.0,,1275.0,New York,97.8000030517578,73700.0,344.0,Not applicable
123.0,56.0,4555.0,Michigan,3.2100000381469727,55800.0,1702.0,"Information not provided by applicant in mail, Internet, or telephone application"
271.0,69.0,5344.0,California,47.36000061035156,63200.0,1324.0,Male
205.0,,5877.0,Colorado,31.190000534057617,83900.0,1084.0,Male
100.0,63.0,12122.0,Florida,76.83000183105469,58400.0,2696.0,Male
121.0,56.0,9786.0,Missouri,87.36000061035156,74300.0,2517.0,Male
80.0,39.0,4876.0,Kentucky,21.290000915527344,47800.0,1188.0,Male
75.0,26.0,4927.0,Missouri,65.9000015258789,74300.0,1145.0,Male
274.0,16.0,3711.0,Florida,94.63999938964844,51800.0,863.0,Male
220.0,130.0,13466.0,Florida,10.369999885559082,64300.0,3567.0,Female
233.0,52.0,4250.0,California,93.44000244140624,63200.0,436.0,Male
9.0,118.0,3788.0,Illinois,46.619998931884766,77500.0,828.0,"Information not provided by applicant in mail, Internet, or telephone application"
179.0,,7596.0,Florida,87.51000213623047,58400.0,1893.0,Male
100.0,276.0,7748.0,New York,16.329999923706055,73700.0,1232.0,Female
238.0,55.0,5673.0,Colorado,38.59999847412109,73500.0,1159.0,Female
5.0,27.0,4577.0,Michigan,48.790000915527344,67000.0,929.0,Female
59.0,,1435.0,Maryland,32.81999969482422,91100.0,276.0,Female
268.0,81.0,5190.0,California,97.08999633789062,97400.0,501.0,Female
342.0,146.0,3692.0,South Carolina,25.950000762939453,67600.0,1098.0,Male
138.0,108.0,5114.0,Illinois,31.57999992370605,77500.0,1761.0,"Information not provided by applicant in mail, Internet, or telephone application"
117.0,57.0,4031.0,New York,33.38999938964844,97100.0,971.0,Male
25.0,79.0,9264.0,South Carolina,16.719999313354492,68800.0,2573.0,Male
264.0,84.0,5022.0,Colorado,15.670000076293944,83900.0,1566.0,Female
423.0,206.0,3571.0,Colorado,4.590000152587891,83900.0,1097.0,"Information not provided by applicant in mail, Internet, or telephone application"
76.0,39.0,5669.0,Nebraska,9.210000038146973,72000.0,1912.0,Female
214.0,52.0,4824.0,California,37.22999954223633,75200.0,818.0,"Information not provided by applicant in mail, Internet, or telephone application"
148.0,42.0,7237.0,Pennsylvania,21.059999465942383,75200.0,2144.0,Female
164.0,26.0,1303.0,Pennsylvania,85.26000213623047,57400.0,221.0,Female
281.0,148.0,8983.0,Utah,5.46999979019165,75000.0,2149.0,"Information not provided by applicant in mail, Internet, or telephone application"
476.0,145.0,3788.0,Illinois,46.619998931884766,77500.0,828.0,Female
59.0,47.0,7970.0,Virginia,15.40999984741211,78700.0,2506.0,Female
1480.0,550.0,3037.0,Texas,5.989999771118164,73400.0,902.0,"Information not provided by applicant in mail, Internet, or telephone application"
305.0,195.0,6175.0,Texas,42.459999084472656,64300.0,2017.0,Male
145.0,50.0,6219.0,Ohio,13.600000381469728,73900.0,1755.0,Male
320.0,114.0,5622.0,New York,91.75,110800.0,1379.0,Female
5.0,47.0,6552.0,Kansas,35.2599983215332,74600.0,1464.0,Male
219.0,47.0,6721.0,California,50.709999084472656,63200.0,1585.0,Female
86.0,45.0,17107.0,Florida,70.05000305175781,58400.0,2546.0,Female
164.0,40.0,7017.0,Massachusetts,56.459999084472656,94300.0,1442.0,Female
4250.0,4130.0,6918.0,New York,18.780000686645508,73700.0,2113.0,Male
349.0,100.0,6156.0,Texas,27.270000457763672,73400.0,1493.0,Male
142.0,54.0,9786.0,Missouri,87.36000061035156,74300.0,2517.0,Female
139.0,46.0,7436.0,California,84.27999877929688,50000.0,878.0,Male
45.0,82.0,4344.0,California,93.5999984741211,97400.0,903.0,Female
167.0,90.0,4972.0,Texas,41.5099983215332,73400.0,734.0,Male
53.0,34.0,6070.0,Wisconsin,54.630001068115234,68800.0,1347.0,Male
62.0,62.0,6506.0,Kentucky,12.600000381469728,73600.0,1349.0,Male
382.0,99.0,8151.0,Florida,83.76000213623047,58400.0,1304.0,Male
326.0,101.0,5421.0,Illinois,11.729999542236328,77500.0,1279.0,Female
140.0,58.0,7727.0,Ohio,10.520000457763672,63600.0,2370.0,"Information not provided by applicant in mail, Internet, or telephone application"
265.0,83.0,3980.0,Utah,15.050000190734863,67700.0,1298.0,Male
168.0,41.0,3150.0,New York,17.520000457763672,73700.0,702.0,Not applicable
90.0,144.0,12357.0,Ohio,7.610000133514404,61500.0,4440.0,Male
424.0,76.0,6522.0,New York,16.360000610351562,73700.0,198.0,Not applicable
106.0,157.0,1810.0,Wisconsin,4.199999809265137,62600.0,784.0,Male
15.0,32.0,3374.0,Pennsylvania,98.9000015258789,57400.0,876.0,Female
240.0,50.0,2783.0,California,62.70000076293945,63200.0,412.0,Male
163.0,72.0,15579.0,Texas,89.18000030517578,72500.0,3151.0,Female
485.0,136.0,5702.0,California,86.58000183105469,64300.0,1134.0,"Information not provided by applicant in mail, Internet, or telephone application"
1600.0,,3788.0,Illinois,46.619998931884766,77500.0,828.0,"Information not provided by applicant in mail, Internet, or telephone application"
272.0,180.0,4876.0,Kentucky,21.290000915527344,47800.0,1188.0,Female
228.0,78.0,3740.0,Kansas,34.25,74600.0,1331.0,Male
382.0,85.0,8739.0,Massachusetts,6.050000190734863,94300.0,1928.0,Female
351.0,140.0,6354.0,Virginia,51.43000030517578,107600.0,1691.0,Female
500.0,,4900.0,Connecticut,26.100000381469727,108300.0,1502.0,Not applicable
67.0,56.0,9786.0,Missouri,87.36000061035156,74300.0,2517.0,Female
136.0,,7618.0,Michigan,26.56999969482422,79600.0,1565.0,Male
85.0,25.0,2990.0,Rhode Island,4.920000076293945,74500.0,943.0,Female
49.0,105.0,5461.0,Ohio,31.32999992370605,73900.0,1281.0,Male
67.0,,6022.0,California,36.27999877929688,63200.0,1214.0,Male
50.0,114.0,4712.0,California,42.77999877929688,97400.0,1356.0,"Information not provided by applicant in mail, Internet, or telephone application"
174.0,34.0,8151.0,Florida,83.76000213623047,58400.0,1304.0,"Information not provided by applicant in mail, Internet, or telephone application"
250.0,93.0,7596.0,Florida,87.51000213623047,58400.0,1893.0,"Information not provided by applicant in mail, Internet, or telephone application"
306.0,70.0,2738.0,Colorado,3.869999885559082,83900.0,1076.0,Male
426.0,,7353.0,Colorado,19.1200008392334,73500.0,2215.0,Male
109.0,34.0,6219.0,Ohio,13.600000381469728,73900.0,1755.0,Female
104.0,25.0,2897.0,Nebraska,85.4000015258789,75000.0,380.0,Male
53.0,58.0,3788.0,Illinois,46.619998931884766,77500.0,828.0,"Information not provided by applicant in mail, Internet, or telephone application"
61.0,,5669.0,Nebraska,9.210000038146973,72000.0,1912.0,Not applicable
303.0,396.0,2669.0,Texas,31.850000381469727,73400.0,226.0,"Information not provided by applicant in mail, Internet, or telephone application"
336.0,54.0,7322.0,Florida,69.88999938964844,51800.0,1866.0,Female
424.0,114.0,7215.0,Florida,49.119998931884766,58400.0,876.0,Male
175.0,86.0,10173.0,Texas,67.27999877929688,73400.0,2639.0,Male
172.0,,8151.0,Florida,83.76000213623047,58400.0,1304.0,"Information not provided by applicant in mail, Internet, or telephone application"
237.0,115.0,7970.0,Virginia,15.40999984741211,78700.0,2506.0,Female
110.0,159.0,4847.0,Rhode Island,18.18000030517578,74500.0,1279.0,"Information not provided by applicant in mail, Internet, or telephone application"
278.0,112.0,4299.0,New York,8.1899995803833,97100.0,1217.0,Female
26.0,175.0,3951.0,Texas,20.31999969482422,73400.0,1187.0,Male
296.0,85.0,5799.0,Colorado,18.989999771118164,83900.0,1888.0,Male
72.0,55.0,8151.0,Florida,83.76000213623047,58400.0,1304.0,Female
110.0,79.0,7596.0,Florida,87.51000213623047,58400.0,1893.0,Male
3.0,39.0,4344.0,California,93.5999984741211,97400.0,903.0,Male
360.0,87.0,7336.0,California,28.01000022888184,63200.0,2227.0,"Information not provided by applicant in mail, Internet, or telephone application"
143.0,52.0,5498.0,Utah,37.91999816894531,75400.0,1270.0,Female
611.0,200.0,3267.0,Colorado,10.039999961853027,83900.0,994.0,Female
960.0,200.0,6522.0,New York,16.360000610351562,73700.0,198.0,Male
155.0,43.0,6225.0,Texas,62.86000061035156,45300.0,1575.0,Female
70.0,130.0,2989.0,Utah,13.720000267028809,75000.0,797.0,Male
130.0,,4136.0,Ohio,7.690000057220459,67900.0,1622.0,Not applicable
216.0,71.0,5151.0,South Carolina,34.439998626708984,68800.0,1746.0,Male
97.0,34.0,3996.0,Texas,99.4000015258789,73400.0,842.0,Female
226.0,102.0,3571.0,Colorado,4.590000152587891,83900.0,1097.0,Female
141.0,81.0,5952.0,Missouri,1.919999957084656,74300.0,1918.0,Male
70.0,20.0,5114.0,Illinois,31.57999992370605,77500.0,1761.0,Female
122.0,37.0,3603.0,Ohio,33.61000061035156,67900.0,926.0,Female
928.0,251.0,1553.0,Rhode Island,2.319999933242798,74500.0,610.0,Female
216.0,65.0,4357.0,Iowa,5.880000114440918,82200.0,1351.0,Male
208.0,123.0,7894.0,Utah,8.0600004196167,67700.0,2003.0,Male
202.0,,4649.0,Connecticut,19.51000022888184,90200.0,1491.0,Not applicable
20.0,62.0,3374.0,Pennsylvania,98.9000015258789,57400.0,876.0,Female
225.0,127.0,6776.0,Arkansas,8.5600004196167,48500.0,2161.0,Male
143.0,55.0,7215.0,Florida,49.119998931884766,58400.0,876.0,"Information not provided by applicant in mail, Internet, or telephone application"
184.0,47.0,7624.0,Washington,43.70000076293945,96000.0,877.0,Female
108.0,59.0,3131.0,Texas,47.04999923706055,73400.0,695.0,Female
236.0,82.0,3692.0,South Carolina,25.950000762939453,67600.0,1098.0,Male
159.0,21.0,4344.0,California,93.5999984741211,97400.0,903.0,Male
576.0,118.0,6529.0,Florida,46.709999084472656,48400.0,977.0,Female
115.0,41.0,6296.0,Texas,99.3499984741211,45300.0,1430.0,Male
378.0,115.0,3730.0,Minnesota,5.46999979019165,89800.0,1254.0,Male
204.0,31.0,8151.0,Florida,83.76000213623047,58400.0,1304.0,Female
221.0,53.0,7436.0,California,84.27999877929688,50000.0,878.0,Male
1.0,2.0,3374.0,Pennsylvania,98.9000015258789,57400.0,876.0,Male
200.0,57.0,6912.0,Pennsylvania,29.8799991607666,74900.0,1922.0,Male
19.0,60.0,0.0,Pennsylvania,0.0,57400.0,0.0,"Information not provided by applicant in mail, Internet, or telephone application"
75.0,45.0,3385.0,Vermont,0.0,64700.0,1015.0,Female
98.0,56.0,5173.0,Ohio,11.0,63600.0,1666.0,"Information not provided by applicant in mail, Internet, or telephone application"
221.0,134.0,1810.0,Wisconsin,4.199999809265137,62600.0,784.0,Male
146.0,67.0,3740.0,Kansas,34.25,74600.0,1331.0,Female
114.0,,4783.0,Texas,87.69000244140625,60400.0,766.0,Not applicable
164.0,,3010.0,California,73.38999938964844,75200.0,516.0,Not applicable
142.0,70.0,4298.0,Michigan,6.210000038146973,55700.0,1448.0,Male
283.0,36.0,3834.0,Wisconsin,2.369999885559082,74700.0,1151.0,Female
189.0,87.0,4519.0,Kentucky,11.18000030517578,47800.0,1202.0,Female
176.0,86.0,4219.0,New York,5.849999904632568,68500.0,1220.0,"Information not provided by applicant in mail, Internet, or telephone application"
68.0,49.0,5887.0,Arkansas,13.420000076293944,54400.0,1623.0,Male
170.0,38.0,4596.0,Texas,90.51000213623048,72500.0,1299.0,Male
172.0,46.0,5623.0,Illinois,64.79000091552734,77500.0,1266.0,Male
310.0,85.0,5573.0,New York,100.0,73700.0,381.0,Female
226.0,116.0,4262.0,Pennsylvania,32.5,102600.0,1221.0,Female
331.0,117.0,3199.0,Vermont,6.03000020980835,82400.0,1113.0,"Information not provided by applicant in mail, Internet, or telephone application"
7.0,100.0,3650.0,Massachusetts,9.920000076293944,94300.0,986.0,Male
56.0,31.0,5502.0,Texas,54.02999877929688,54200.0,1057.0,Female
280.0,97.0,2247.0,California,50.5099983215332,63200.0,577.0,Male
170.0,60.0,8151.0,Florida,83.76000213623047,58400.0,1304.0,Male
84.0,62.0,5921.0,Florida,31.479999542236328,52500.0,1125.0,Male
105.0,30.0,3740.0,Kansas,34.25,74600.0,1331.0,"Information not provided by applicant in mail, Internet, or telephone application"
219.0,62.0,6435.0,Utah,9.760000228881836,75000.0,1514.0,Male
171.0,125.0,6219.0,Ohio,13.600000381469728,73900.0,1755.0,Male
30.0,102.0,3364.0,Arizona,17.149999618530273,66200.0,1304.0,Male
164.0,177.0,6160.0,Illinois,42.81999969482422,77500.0,1109.0,"Information not provided by applicant in mail, Internet, or telephone application"
25.0,41.0,7618.0,Michigan,26.56999969482422,79600.0,1565.0,Male
346.0,76.0,10511.0,California,74.68000030517578,75200.0,1793.0,Female
147.0,223.0,5372.0,New York,7.730000019073486,64600.0,1937.0,"Information not provided by applicant in mail, Internet, or telephone application"
159.0,35.0,11260.0,South Carolina,49.27999877929688,67600.0,2033.0,Male
339.0,109.0,5718.0,California,56.02999877929688,63200.0,1521.0,Male
66.0,26.0,8151.0,Florida,83.76000213623047,58400.0,1304.0,Female
100.0,84.0,2384.0,New York,99.54000091552734,73700.0,640.0,Male
92.0,29.0,4927.0,Missouri,65.9000015258789,74300.0,1145.0,Female
280.0,63.0,5372.0,Kansas,13.09000015258789,60300.0,1324.0,Female
102.0,35.0,6219.0,Ohio,13.600000381469728,73900.0,1755.0,Male
195.0,123.0,1759.0,Pennsylvania,27.059999465942383,102600.0,437.0,Male
226.0,225.0,5190.0,California,97.08999633789062,97400.0,501.0,Male
158.0,75.0,2907.0,Ohio,5.710000038146973,65700.0,860.0,Male
293.0,55.0,4344.0,California,93.5999984741211,97400.0,903.0,Male
250.0,122.0,7731.0,Colorado,14.579999923706056,83900.0,2269.0,Male
185.0,9.0,5239.0,Florida,22.309999465942383,52500.0,1372.0,Female
75.0,36.0,6016.0,Texas,95.98999786376952,64300.0,982.0,Male
251.0,,5190.0,California,97.08999633789062,97400.0,501.0,Female
304.0,60.0,6721.0,California,50.709999084472656,63200.0,1585.0,Male
250.0,142.0,4325.0,Kentucky,7.170000076293945,65600.0,1325.0,Female
173.0,310.0,6823.0,Missouri,18.71999931335449,74600.0,2147.0,Male
332.0,270.0,7497.0,New York,17.190000534057617,73700.0,2121.0,"Information not provided by applicant in mail, Internet, or telephone application"
309.0,,3641.0,Missouri,11.59000015258789,74300.0,1018.0,Not applicable
338.0,100.0,5190.0,California,97.08999633789062,97400.0,501.0,Male
130.0,,4824.0,California,66.19000244140625,63200.0,873.0,Not applicable
266.0,136.0,8020.0,Missouri,3.4800000190734863,74300.0,2558.0,Male
239.0,62.0,1927.0,California,12.510000228881836,63200.0,998.0,Male
145.0,64.0,4477.0,Illinois,32.209999084472656,69500.0,1251.0,Female
150.0,57.0,2649.0,Nebraska,15.670000076293944,62600.0,750.0,Female
35.0,50.0,8151.0,Florida,83.76000213623047,58400.0,1304.0,Male
300.0,72.0,6721.0,California,50.709999084472656,63200.0,1585.0,Male
119.0,63.0,5494.0,Missouri,45.77999877929688,74300.0,1528.0,Male
70.0,,5003.0,Arkansas,10.470000267028809,48500.0,1189.0,Not applicable
245.0,68.0,3254.0,New York,67.12000274658203,73700.0,917.0,Male
175.0,67.0,7297.0,Tennessee,39.33000183105469,59100.0,1991.0,Female
1063.0,139.0,3571.0,Colorado,4.590000152587891,83900.0,1097.0,Male
50.0,27.0,2411.0,New York,11.859999656677246,68200.0,576.0,Male
270.0,74.0,7176.0,Florida,41.02999877929688,67900.0,2071.0,Female
365.0,89.0,5750.0,California,53.68999862670898,63200.0,1047.0,Male
196.0,35.0,5587.0,Rhode Island,28.76000022888184,74500.0,1452.0,Female
416.0,150.0,7458.0,California,34.13999938964844,97400.0,1657.0,Male
369.0,76.0,5190.0,California,97.08999633789062,97400.0,501.0,Male
237.0,115.0,6225.0,Texas,62.86000061035156,45300.0,1575.0,Male
231.0,52.0,17107.0,Florida,70.05000305175781,58400.0,2546.0,Female
165.0,36.0,4718.0,Washington,21.31999969482422,63900.0,1525.0,Male
785.0,129.0,4867.0,Missouri,12.760000228881836,74300.0,1276.0,Male
270.0,84.0,4293.0,California,76.95999908447266,63200.0,956.0,Female
100.0,33.0,5356.0,California,23.100000381469727,75200.0,1711.0,"Information not provided by applicant in mail, Internet, or telephone application"
381.0,91.0,7970.0,Virginia,15.40999984741211,78700.0,2506.0,Male
84.0,,5114.0,Illinois,31.57999992370605,77500.0,1761.0,"Information not provided by applicant in mail, Internet, or telephone application"
423.0,190.0,7269.0,Texas,27.170000076293945,60400.0,2212.0,Female
228.0,192.0,7215.0,Florida,49.119998931884766,58400.0,876.0,"Information not provided by applicant in mail, Internet, or telephone application"
164.0,124.0,3183.0,Indiana,0.75,63700.0,1192.0,Male
374.0,327.0,3571.0,Colorado,4.590000152587891,83900.0,1097.0,Male
73.0,146.0,5669.0,Nebraska,9.210000038146973,72000.0,1912.0,Male
124.0,41.0,5494.0,Missouri,45.77999877929688,74300.0,1528.0,Female
490.0,104.0,3461.0,New York,50.77000045776367,73700.0,606.0,Female
75.0,321.0,6174.0,Ohio,7.559999942779541,73600.0,2055.0,Male
40.0,39.0,2963.0,Pennsylvania,10.5600004196167,72200.0,745.0,Male
267.0,68.0,3131.0,Texas,47.04999923706055,73400.0,695.0,"Information not provided by applicant in mail, Internet, or telephone application"
74.0,39.0,8311.0,Arkansas,12.010000228881836,53000.0,2789.0,Female
202.0,46.0,7724.0,Colorado,6.860000133514404,73500.0,2394.0,"Information not provided by applicant in mail, Internet, or telephone application"
222.0,71.0,2105.0,Missouri,25.3700008392334,74600.0,788.0,"Information not provided by applicant in mail, Internet, or telephone application"
280.0,57.0,38137.0,Texas,77.7699966430664,72500.0,9771.0,"Information not provided by applicant in mail, Internet, or telephone application"
245.0,105.0,3591.0,Florida,53.43999862670898,67900.0,684.0,Female
71.0,78.0,3834.0,Wisconsin,2.369999885559082,74700.0,1151.0,Male
250.0,203.0,4992.0,Idaho,3.509999990463257,59200.0,1479.0,Female
20.0,79.0,7727.0,Ohio,10.520000457763672,63600.0,2370.0,Male
150.0,7.0,3214.0,Pennsylvania,26.979999542236328,74900.0,1125.0,Male
150.0,45.0,1572.0,New York,6.170000076293945,73700.0,453.0,Male
288.0,75.0,6609.0,Massachusetts,3.190000057220459,94300.0,2038.0,Male
315.0,75.0,5573.0,New York,100.0,73700.0,381.0,Female
255.0,109.0,4649.0,Connecticut,19.51000022888184,90200.0,1491.0,Male
213.0,,4344.0,California,93.5999984741211,97400.0,903.0,"Information not provided by applicant in mail, Internet, or telephone application"
30.0,51.0,4819.0,Iowa,6.309999942779541,63900.0,1152.0,Female
572.0,191.0,5199.0,New York,31.21999931335449,73700.0,1469.0,Not applicable
120.0,99.0,2359.0,Massachusetts,6.230000019073486,94300.0,759.0,Male
515.0,92.0,5573.0,New York,100.0,73700.0,381.0,Female
304.0,193.0,1810.0,Wisconsin,4.199999809265137,62600.0,784.0,Male
291.0,36.0,3939.0,California,26.86000061035156,97400.0,1053.0,Male
309.0,144.0,6204.0,Texas,52.2599983215332,72500.0,1715.0,Male
61.0,87.0,4279.0,Utah,49.91999816894531,75400.0,1000.0,Female
48.0,47.0,5008.0,Pennsylvania,4.730000019073486,72200.0,1867.0,Male
186.0,120.0,1753.0,Kansas,29.209999084472656,74600.0,479.0,Male
168.0,53.0,5952.0,Missouri,1.919999957084656,74300.0,1918.0,Male
10.0,32.0,3374.0,Pennsylvania,98.9000015258789,57400.0,876.0,Female
243.0,134.0,7554.0,Texas,42.310001373291016,72500.0,1629.0,Male
180.0,170.0,6190.0,Massachusetts,5.170000076293945,84000.0,1474.0,Male
59.0,53.0,5763.0,Michigan,23.549999237060547,55800.0,1690.0,Male
249.0,76.0,3131.0,Texas,47.04999923706055,73400.0,695.0,"Information not provided by applicant in mail, Internet, or telephone application"
202.0,46.0,3692.0,South Carolina,25.950000762939453,67600.0,1098.0,Male
317.0,58.0,2451.0,California,22.479999542236328,75200.0,717.0,Male
115.0,77.0,3232.0,Missouri,3.3399999141693115,55200.0,964.0,"Information not provided by applicant in mail, Internet, or telephone application"
235.0,142.0,2507.0,California,59.18999862670898,75200.0,836.0,Female
551.0,124.0,7019.0,Utah,17.450000762939453,75000.0,2075.0,Male
25.0,71.0,5600.0,Michigan,13.93000030517578,55800.0,1210.0,"Information not provided by applicant in mail, Internet, or telephone application"
6.0,63.0,7596.0,Florida,87.51000213623047,58400.0,1893.0,"Information not provided by applicant in mail, Internet, or telephone application"
378.0,76.0,4344.0,California,93.5999984741211,97400.0,903.0,Male
82.0,103.0,6243.0,Ohio,11.760000228881836,73900.0,2080.0,Male
35.0,62.0,6219.0,Ohio,13.600000381469728,73900.0,1755.0,"Information not provided by applicant in mail, Internet, or telephone application"
390.0,97.0,4896.0,California,86.45999908447266,64300.0,877.0,Female
204.0,138.0,5356.0,California,23.100000381469727,75200.0,1711.0,Female
133.0,,7436.0,California,84.27999877929688,50000.0,878.0,Not applicable
60.0,46.0,3740.0,Kansas,34.25,74600.0,1331.0,Male
635.0,180.0,3519.0,Texas,20.43000030517578,60400.0,925.0,Male
638.0,220.0,4131.0,Michigan,6.25,79600.0,1558.0,Female
177.0,95.0,5238.0,Pennsylvania,5.079999923706055,72200.0,1438.0,Male
255.0,41.0,5190.0,California,97.08999633789062,97400.0,501.0,Male
131.0,42.0,7618.0,Michigan,26.56999969482422,79600.0,1565.0,Male
10.0,57.0,4219.0,New York,5.849999904632568,68500.0,1220.0,"Information not provided by applicant in mail, Internet, or telephone application"
424.0,328.0,8867.0,Florida,85.19000244140625,51800.0,2002.0,Male
20.0,87.0,2763.0,Connecticut,5.75,90200.0,884.0,Male
144.0,68.0,3988.0,Illinois,32.45000076293945,77500.0,780.0,Male
281.0,135.0,5173.0,Ohio,11.0,63600.0,1666.0,Male
17.0,64.0,5921.0,Florida,31.479999542236328,52500.0,1125.0,Male
52.0,62.0,3374.0,Pennsylvania,98.9000015258789,57400.0,876.0,Female
115.0,46.0,4695.0,Pennsylvania,18.420000076293945,59500.0,828.0,Female
390.0,161.0,2273.0,Connecticut,13.369999885559082,90200.0,734.0,Female
320.0,73.0,5590.0,Rhode Island,13.720000267028809,74500.0,1914.0,Male
150.0,61.0,6160.0,Illinois,42.81999969482422,77500.0,1109.0,Female
97.0,,4519.0,Kentucky,11.18000030517578,47800.0,1202.0,Not applicable
227.0,102.0,6077.0,Wisconsin,4.440000057220459,67400.0,1692.0,Male
402.0,113.0,8489.0,Hawaii,70.06999969482422,67000.0,1514.0,"Information not provided by applicant in mail, Internet, or telephone application"
1360.0,715.0,1572.0,New York,6.170000076293945,73700.0,453.0,Female
230.0,106.0,16825.0,Georgia,33.099998474121094,69200.0,4437.0,"Information not provided by applicant in mail, Internet, or telephone application"
80.0,69.0,5573.0,New York,100.0,73700.0,381.0,"Information not provided by applicant in mail, Internet, or telephone application"
199.0,57.0,2384.0,New York,99.54000091552734,73700.0,640.0,Not applicable
107.0,52.0,3740.0,Kansas,34.25,74600.0,1331.0,Male
240.0,75.0,4053.0,Washington,18.309999465942383,76300.0,1119.0,Female
274.0,127.0,4041.0,Connecticut,31.399999618530277,84100.0,842.0,Male
76.0,143.0,5562.0,Kentucky,15.550000190734863,65600.0,1760.0,Female
371.0,82.0,5356.0,California,23.100000381469727,75200.0,1711.0,Male
170.0,52.0,4824.0,California,66.19000244140625,63200.0,873.0,Male
246.0,99.0,2451.0,California,22.479999542236328,75200.0,717.0,Female
420.0,119.0,1831.0,New York,77.01000213623047,73700.0,198.0,"Information not provided by applicant in mail, Internet, or telephone application"
238.0,58.0,2507.0,California,59.18999862670898,75200.0,836.0,Female
185.0,185.0,4767.0,Georgia,8.329999923706055,51100.0,1289.0,Male
167.0,63.0,7894.0,Utah,8.0600004196167,67700.0,2003.0,"Information not provided by applicant in mail, Internet, or telephone application"
8.0,48.0,4649.0,Connecticut,19.51000022888184,90200.0,1491.0,Male
7.0,86.0,3516.0,Pennsylvania,97.63999938964844,57400.0,766.0,Female
221.0,95.0,5945.0,Florida,99.0199966430664,51800.0,921.0,Male
300.0,95.0,2507.0,California,59.18999862670898,75200.0,836.0,Female
275.0,91.0,9559.0,California,72.76000213623047,64300.0,1451.0,Male
771.0,176.0,5573.0,New York,100.0,73700.0,381.0,Male
269.0,66.0,7970.0,Virginia,15.40999984741211,78700.0,2506.0,Male
248.0,67.0,5494.0,Missouri,45.77999877929688,74300.0,1528.0,Male
234.0,74.0,2849.0,Missouri,8.489999771118164,74300.0,846.0,Male
10.0,120.0,3575.0,Florida,13.199999809265137,59800.0,836.0,Male
308.0,134.0,6099.0,Michigan,15.770000457763672,67000.0,1886.0,"Information not provided by applicant in mail, Internet, or telephone application"
126.0,74.0,9786.0,Missouri,87.36000061035156,74300.0,2517.0,Female
60.0,32.0,5669.0,Nebraska,9.210000038146973,72000.0,1912.0,Male
200.0,184.0,2669.0,Texas,31.850000381469727,73400.0,226.0,Female
116.0,43.0,5125.0,Arkansas,39.91999816894531,48500.0,1006.0,Not applicable
100.0,146.0,1572.0,New York,6.170000076293945,73700.0,453.0,Male
183.0,77.0,5988.0,Massachusetts,7.71999979019165,94300.0,1518.0,Not applicable
180.0,96.0,6160.0,Illinois,42.81999969482422,77500.0,1109.0,Female
321.0,96.0,1810.0,Wisconsin,4.199999809265137,62600.0,784.0,Male
80.0,72.0,5050.0,Colorado,64.52999877929688,63800.0,1090.0,Male
20.0,60.0,9021.0,Florida,44.540000915527344,67300.0,1935.0,"Information not provided by applicant in mail, Internet, or telephone application"
216.0,112.0,6190.0,Massachusetts,5.170000076293945,84000.0,1474.0,Male
26.0,70.0,5276.0,Arkansas,7.179999828338623,46500.0,1743.0,Male
122.0,53.0,1753.0,Kansas,29.209999084472656,74600.0,479.0,"Information not provided by applicant in mail, Internet, or telephone application"
296.0,78.0,6721.0,California,50.709999084472656,63200.0,1585.0,Male
270.0,65.0,2451.0,California,22.479999542236328,75200.0,717.0,Female
288.0,,5521.0,Massachusetts,2.2300000190734863,94300.0,1721.0,Female
285.0,147.0,4302.0,California,50.70000076293945,63200.0,1165.0,Male
137.0,135.0,3092.0,Kansas,50.61000061035156,74600.0,859.0,Female
148.0,59.0,5937.0,Pennsylvania,7.119999885559082,57400.0,1693.0,Male
172.0,53.0,7436.0,California,84.27999877929688,50000.0,878.0,Male
400.0,72.0,5344.0,California,48.709999084472656,63200.0,1522.0,Female
655.0,165.0,9682.0,Hawaii,91.5,74100.0,1169.0,Male
325.0,89.0,2465.0,Colorado,36.5099983215332,83900.0,307.0,Male
183.0,90.0,5148.0,Kentucky,13.1899995803833,47800.0,1673.0,Male
569.0,,5573.0,New York,100.0,73700.0,381.0,Not applicable
208.0,,7618.0,Michigan,26.56999969482422,79600.0,1565.0,Not applicable
2.0,,3516.0,Pennsylvania,97.63999938964844,57400.0,766.0,Female
259.0,42.0,6360.0,Massachusetts,57.119998931884766,94300.0,1118.0,"Information not provided by applicant in mail, Internet, or telephone application"
70.0,15.0,5580.0,Pennsylvania,35.15999984741211,57400.0,1392.0,Female
91.0,34.0,3528.0,Georgia,12.100000381469728,61700.0,910.0,Female
70.0,162.0,7894.0,Utah,8.0600004196167,67700.0,2003.0,Male
149.0,59.0,3692.0,South Carolina,25.950000762939453,67600.0,1098.0,Female
207.0,,17107.0,Florida,70.05000305175781,58400.0,2546.0,Male
291.0,133.0,8040.0,Arkansas,21.690000534057617,62100.0,1644.0,Male
272.0,85.0,2507.0,California,59.18999862670898,75200.0,836.0,Male
371.0,133.0,6075.0,Washington,18.5,96000.0,1625.0,Female
152.0,27.0,6160.0,Illinois,42.81999969482422,77500.0,1109.0,Female
129.0,56.0,2907.0,Ohio,5.710000038146973,65700.0,860.0,Male
429.0,177.0,2451.0,California,22.479999542236328,75200.0,717.0,Male
155.0,57.0,5174.0,Idaho,13.43000030517578,64000.0,1629.0,"Information not provided by applicant in mail, Internet, or telephone application"
87.0,24.0,3826.0,Wisconsin,32.720001220703125,68800.0,1091.0,"Information not provided by applicant in mail, Internet, or telephone application"
243.0,57.0,5232.0,Massachusetts,61.2400016784668,94300.0,1087.0,Female
327.0,58.0,5190.0,California,97.08999633789062,97400.0,501.0,Female
57.0,28.0,8311.0,Arkansas,12.010000228881836,53000.0,2789.0,Male
25.0,15.0,3516.0,Pennsylvania,97.63999938964844,57400.0,766.0,Female
27.0,27.0,2184.0,Iowa,9.479999542236328,67100.0,768.0,Female
220.0,95.0,6190.0,Massachusetts,5.170000076293945,84000.0,1474.0,Female
58.0,33.0,7113.0,Texas,53.400001525878906,55200.0,1822.0,Female
524.0,91.0,5573.0,New York,100.0,73700.0,381.0,Female
144.0,111.0,7871.0,Kansas,36.209999084472656,74600.0,1522.0,"Information not provided by applicant in mail, Internet, or telephone application"
148.0,66.0,17107.0,Florida,70.05000305175781,58400.0,2546.0,Female
184.0,,,Washington,,,,Male
130.0,54.0,7215.0,Florida,49.119998931884766,58400.0,876.0,"Information not provided by applicant in mail, Internet, or telephone application"
138.0,,4306.0,Pennsylvania,7.079999923706055,99800.0,1468.0,Male
10.0,47.0,9786.0,Missouri,87.36000061035156,74300.0,2517.0,Male
60.0,22.0,4821.0,Florida,48.5,52500.0,741.0,Female
408.0,75.0,4344.0,California,93.5999984741211,97400.0,903.0,Male
340.0,86.0,4943.0,Colorado,15.81999969482422,83900.0,1413.0,Female
350.0,186.0,6415.0,Illinois,88.63999938964844,77500.0,2110.0,"Information not provided by applicant in mail, Internet, or telephone application"
179.0,100.0,13321.0,Florida,23.13999938964844,58400.0,3840.0,Female
274.0,240.0,5937.0,Pennsylvania,7.119999885559082,57400.0,1693.0,Female
350.0,130.0,6225.0,Texas,62.86000061035156,45300.0,1575.0,Female
82.0,79.0,3657.0,California,49.43999862670898,62600.0,593.0,"Information not provided by applicant in mail, Internet, or telephone application"
424.0,225.0,3839.0,Colorado,15.859999656677246,83900.0,1222.0,Male
60.0,29.0,7215.0,Florida,49.119998931884766,58400.0,876.0,Female
70.0,50.0,4253.0,New Jersey,11.399999618530272,73700.0,2442.0,Male
35.0,20.0,1753.0,Kansas,29.209999084472656,74600.0,479.0,Male
105.0,,4519.0,Kentucky,11.18000030517578,47800.0,1202.0,Not applicable
74.0,30.0,3516.0,Pennsylvania,97.63999938964844,57400.0,766.0,Female
20.0,52.0,4321.0,California,73.58999633789062,63200.0,835.0,Female
132.0,80.0,1512.0,Texas,22.6200008392334,54200.0,316.0,Male
247.0,53.0,6484.0,Pennsylvania,5.769999980926514,75200.0,1804.0,Male
91.0,259.0,5208.0,Texas,78.41999816894531,73400.0,484.0,Male
248.0,129.0,4649.0,Connecticut,19.51000022888184,90200.0,1491.0,Female
15.0,12.0,5494.0,Missouri,45.77999877929688,74300.0,1528.0,Male
190.0,57.0,3691.0,Idaho,10.239999771118164,55200.0,1009.0,Male
60.0,20.0,6022.0,California,36.27999877929688,63200.0,1214.0,"Information not provided by applicant in mail, Internet, or telephone application"
272.0,103.0,5316.0,Arizona,37.130001068115234,59300.0,1157.0,Male
209.0,46.0,5573.0,New York,100.0,73700.0,381.0,Female
135.0,63.0,3783.0,Ohio,6.159999847412109,73900.0,1142.0,Male
524.0,157.0,6603.0,California,45.810001373291016,97400.0,813.0,Male
108.0,33.0,3331.0,Kansas,16.93000030517578,60300.0,781.0,Female
175.0,,7665.0,California,22.57999992370605,63200.0,1951.0,"Information not provided by applicant in mail, Internet, or telephone application"
110.0,73.0,3771.0,Missouri,3.180000066757202,50800.0,1055.0,Male
265.0,54.0,8151.0,Florida,83.76000213623047,58400.0,1304.0,Female
234.0,98.0,5952.0,Missouri,1.919999957084656,74300.0,1918.0,"Information not provided by applicant in mail, Internet, or telephone application"
378.0,146.0,4497.0,Florida,13.300000190734863,67900.0,1801.0,Female
219.0,95.0,4923.0,Colorado,23.65999984741211,73500.0,965.0,Male
330.0,105.0,4484.0,California,62.84999847412109,97400.0,406.0,Female
204.0,59.0,4688.0,California,88.94999694824219,75200.0,472.0,Male
30.0,3.0,5208.0,Texas,78.41999816894531,73400.0,484.0,Male
98.0,35.0,2411.0,New York,11.859999656677246,68200.0,576.0,Male
43.0,25.0,3516.0,Pennsylvania,97.63999938964844,57400.0,766.0,Male
666.0,221.0,5331.0,Colorado,33.20000076293945,83900.0,671.0,Male
231.0,96.0,4813.0,California,27.15999984741211,63200.0,845.0,Male
145.0,38.0,2920.0,Florida,48.38999938964844,68500.0,844.0,Female
285.0,134.0,5573.0,New York,100.0,73700.0,381.0,Male
167.0,74.0,5669.0,Nebraska,9.210000038146973,72000.0,1912.0,Male
27.0,106.0,5114.0,Illinois,31.57999992370605,77500.0,1761.0,Female
226.0,50.0,4218.0,Colorado,33.2400016784668,83900.0,1166.0,Male
582.0,149.0,4133.0,Illinois,19.309999465942383,77500.0,1300.0,Female
350.0,81.0,7215.0,Florida,49.119998931884766,58400.0,876.0,Male
368.0,94.0,5190.0,California,97.08999633789062,97400.0,501.0,Female
290.0,93.0,7969.0,Colorado,36.59999847412109,73500.0,1729.0,Female
184.0,98.0,17107.0,Florida,70.05000305175781,58400.0,2546.0,"Information not provided by applicant in mail, Internet, or telephone application"
260.0,49.0,7989.0,Utah,12.829999923706056,67700.0,1768.0,Male
95.0,32.0,3826.0,Wisconsin,32.720001220703125,68800.0,1091.0,Female
86.0,90.0,5833.0,California,49.68000030517578,80400.0,1575.0,Male
380.0,136.0,5356.0,California,23.100000381469727,75200.0,1711.0,Female
129.0,68.0,1810.0,Wisconsin,4.199999809265137,62600.0,784.0,Female
129.0,40.0,5494.0,Missouri,45.77999877929688,74300.0,1528.0,Female
172.0,51.0,2299.0,Colorado,18.049999237060547,73500.0,628.0,"Information not provided by applicant in mail, Internet, or telephone application"
540.0,161.0,7273.0,New York,36.34000015258789,73700.0,1946.0,"Information not provided by applicant in mail, Internet, or telephone application"
461.0,77.0,4922.0,Connecticut,26.46999931335449,108300.0,1454.0,Male
2.0,18.0,1753.0,Kansas,29.209999084472656,74600.0,479.0,Female
87.0,90.0,7596.0,Florida,87.51000213623047,58400.0,1893.0,Male
141.0,165.0,2451.0,California,22.479999542236328,75200.0,717.0,"Information not provided by applicant in mail, Internet, or telephone application"
242.0,91.0,7217.0,Iowa,4.269999980926514,80000.0,2169.0,Male
250.0,,7026.0,Virginia,47.61000061035156,78700.0,1556.0,"Information not provided by applicant in mail, Internet, or telephone application"
271.0,129.0,4002.0,Washington,12.81999969482422,63900.0,1108.0,Male
185.0,185.0,6160.0,Illinois,42.81999969482422,77500.0,1109.0,"Information not provided by applicant in mail, Internet, or telephone application"
302.0,70.0,6629.0,Massachusetts,17.139999389648438,94300.0,1759.0,Male
47.0,56.0,2441.0,Florida,11.630000114440918,59800.0,650.0,"Information not provided by applicant in mail, Internet, or telephone application"
285.0,72.0,11217.0,Idaho,14.43000030517578,64000.0,3064.0,Male
79.0,28.0,5009.0,Connecticut,98.68000030517578,90200.0,1156.0,Female
166.0,95.0,5262.0,Florida,16.8799991607666,59800.0,1999.0,Not applicable
170.0,37.0,5302.0,Colorado,14.670000076293944,83900.0,1764.0,Female
336.0,86.0,7970.0,Virginia,15.40999984741211,78700.0,2506.0,Male
37.0,35.0,3516.0,Pennsylvania,97.63999938964844,57400.0,766.0,Female
30.0,84.0,4250.0,California,93.44000244140624,63200.0,436.0,Female
432.0,84.0,5045.0,California,75.37999725341797,79300.0,989.0,Male
236.0,105.0,6649.0,Arkansas,12.170000076293944,64400.0,1688.0,Male
6.0,57.0,8151.0,Florida,83.76000213623047,58400.0,1304.0,"Information not provided by applicant in mail, Internet, or telephone application"
347.0,72.0,7969.0,Colorado,36.59999847412109,73500.0,1729.0,Male
178.0,,3740.0,Kansas,34.25,74600.0,1331.0,Male
296.0,98.0,4773.0,Florida,79.19999694824219,51800.0,624.0,Female
176.0,,,Kentucky,,,,"Information not provided by applicant in mail, Internet, or telephone application"
25.0,30.0,2545.0,Pennsylvania,4.869999885559082,55800.0,789.0,Male
76.0,28.0,9786.0,Missouri,87.36000061035156,74300.0,2517.0,Female
300.0,112.0,6342.0,Illinois,9.109999656677246,77500.0,1976.0,Female
300.0,91.0,7500.0,California,59.810001373291016,75200.0,1848.0,"Information not provided by applicant in mail, Internet, or telephone application"
1500.0,,9390.0,Washington,11.960000038146973,63900.0,2572.0,Not applicable
55.0,39.0,3826.0,Wisconsin,32.720001220703125,68800.0,1091.0,"Information not provided by applicant in mail, Internet, or telephone application"
226.0,75.0,4449.0,Rhode Island,12.31999969482422,74500.0,1241.0,Male
150.0,53.0,6160.0,Illinois,42.81999969482422,77500.0,1109.0,"Information not provided by applicant in mail, Internet, or telephone application"
89.0,21.0,5952.0,Missouri,1.919999957084656,74300.0,1918.0,Female
157.0,24.0,5114.0,Illinois,31.57999992370605,77500.0,1761.0,"Information not provided by applicant in mail, Internet, or telephone application"
360.0,48.0,6414.0,Colorado,46.540000915527344,63800.0,891.0,Male
226.0,24.0,4410.0,Colorado,16.3700008392334,83900.0,1320.0,Male
1350.0,793.0,4236.0,Rhode Island,52.59999847412109,74500.0,145.0,Male
115.0,50.0,5937.0,Pennsylvania,7.119999885559082,57400.0,1693.0,"Information not provided by applicant in mail, Internet, or telephone application"
118.0,37.0,7436.0,California,84.27999877929688,50000.0,878.0,Male
180.0,58.0,17107.0,Florida,70.05000305175781,58400.0,2546.0,Male
251.0,106.0,7269.0,Texas,27.170000076293945,60400.0,2212.0,Not applicable
71.0,,5240.0,California,94.94000244140624,50000.0,648.0,Male
120.0,100.0,3323.0,Ohio,42.18999862670898,67900.0,945.0,Female
15.0,98.0,5573.0,New York,100.0,73700.0,381.0,Female
120.0,65.0,5952.0,Missouri,1.919999957084656,74300.0,1918.0,Male
272.0,43.0,2738.0,Colorado,3.869999885559082,83900.0,1076.0,Male
263.0,85.0,2288.0,New York,1.6200000047683716,62500.0,911.0,Not applicable
383.0,198.0,7399.0,Connecticut,29.670000076293945,108300.0,2229.0,Female
229.0,76.0,10231.0,Texas,66.37999725341797,64300.0,2421.0,Male
115.0,62.0,9786.0,Missouri,87.36000061035156,74300.0,2517.0,"Information not provided by applicant in mail, Internet, or telephone application"
246.0,86.0,7969.0,Colorado,36.59999847412109,73500.0,1729.0,Male
387.0,104.0,2451.0,California,22.479999542236328,75200.0,717.0,Male
20.0,130.0,3930.0,Kansas,5.239999771118164,60300.0,1275.0,Male
231.0,119.0,2507.0,California,59.18999862670898,75200.0,836.0,Female
162.0,,8383.0,Texas,78.68000030517578,70900.0,1806.0,Not applicable
71.0,45.0,9786.0,Missouri,87.36000061035156,74300.0,2517.0,"Information not provided by applicant in mail, Internet, or telephone application"
122.0,57.0,3692.0,South Carolina,25.950000762939453,67600.0,1098.0,Male
350.0,102.0,7772.0,California,56.060001373291016,63200.0,1666.0,Male
382.0,,3958.0,Texas,56.619998931884766,81400.0,964.0,Not applicable
126.0,45.0,6231.0,New York,14.670000076293944,73700.0,418.0,Male
235.0,100.0,5275.0,Pennsylvania,21.18000030517578,57400.0,365.0,Female
6.0,82.0,5080.0,Utah,24.81999969482422,67700.0,1087.0,Female
117.0,75.0,2907.0,Ohio,5.710000038146973,65700.0,860.0,Male
144.0,54.0,3740.0,Kansas,34.25,74600.0,1331.0,Male
96.0,84.0,4304.0,Iowa,20.59000015258789,63900.0,1244.0,Male
417.0,111.0,6231.0,New York,14.670000076293944,73700.0,418.0,Male
100.0,50.0,5044.0,Utah,39.68999862670898,60200.0,665.0,Female
185.0,84.0,4198.0,California,94.26000213623048,97400.0,314.0,"Information not provided by applicant in mail, Internet, or telephone application"
53.0,62.0,7618.0,Michigan,26.56999969482422,79600.0,1565.0,Male
147.0,77.0,4850.0,Michigan,16.389999389648438,67000.0,1499.0,Male
49.0,53.0,4454.0,Arkansas,14.079999923706056,49700.0,1579.0,Female
20.0,50.0,3826.0,Wisconsin,32.720001220703125,68800.0,1091.0,Female
417.0,241.0,9467.0,Texas,36.310001373291016,73400.0,2776.0,Male
117.0,91.0,5173.0,Ohio,11.0,63600.0,1666.0,Male
175.0,98.0,6225.0,Texas,62.86000061035156,45300.0,1575.0,Male
25.0,40.0,5494.0,Missouri,45.77999877929688,74300.0,1528.0,"Information not provided by applicant in mail, Internet, or telephone application"
222.0,128.0,7013.0,New York,6.559999942779541,62500.0,2189.0,Male
151.0,14.0,1512.0,Texas,22.6200008392334,54200.0,316.0,"Information not provided by applicant in mail, Internet, or telephone application"
315.0,90.0,9949.0,Florida,81.70999908447266,58400.0,1365.0,Female
163.0,64.0,9786.0,Missouri,87.36000061035156,74300.0,2517.0,Male
107.0,145.0,5669.0,Nebraska,9.210000038146973,72000.0,1912.0,Male
125.0,111.0,2802.0,Texas,40.36000061035156,73400.0,474.0,Male
213.0,150.0,6204.0,Texas,52.2599983215332,72500.0,1715.0,Male
249.0,24.0,4410.0,Colorado,16.3700008392334,83900.0,1320.0,Male
488.0,137.0,4642.0,California,58.08000183105469,97400.0,1121.0,Male
190.0,68.0,4198.0,California,94.26000213623048,97400.0,314.0,Male
60.0,63.0,4519.0,Kentucky,11.18000030517578,47800.0,1202.0,Male
155.0,68.0,3740.0,Kansas,34.25,74600.0,1331.0,Female
224.0,59.0,4029.0,Pennsylvania,18.440000534057617,75200.0,1050.0,Male
245.0,69.0,3421.0,California,23.209999084472656,63200.0,998.0,Male
268.0,57.0,4384.0,Colorado,47.220001220703125,83900.0,1220.0,Male
378.0,76.0,4198.0,California,94.26000213623048,97400.0,314.0,Male
224.0,138.0,7970.0,Virginia,15.40999984741211,78700.0,2506.0,Male
180.0,50.0,4344.0,California,93.5999984741211,97400.0,903.0,Female
50.0,60.0,8469.0,Washington,12.630000114440918,63900.0,2893.0,Male
261.0,56.0,2781.0,Michigan,6.010000228881836,79600.0,1003.0,Female
376.0,108.0,5118.0,Massachusetts,13.65999984741211,94300.0,1025.0,"Information not provided by applicant in mail, Internet, or telephone application"
98.0,259.0,5208.0,Texas,78.41999816894531,73400.0,484.0,Male
186.0,43.0,7970.0,Virginia,15.40999984741211,78700.0,2506.0,Female
174.0,72.0,5114.0,Illinois,31.57999992370605,77500.0,1761.0,Male
51.0,240.0,4967.0,Texas,30.63999938964844,73400.0,1442.0,"Information not provided by applicant in mail, Internet, or telephone application"
124.0,67.0,4658.0,Ohio,14.510000228881836,65700.0,1529.0,"Information not provided by applicant in mail, Internet, or telephone application"
127.0,45.0,3495.0,Missouri,26.61000061035156,74600.0,1032.0,Male
100.0,48.0,6348.0,Wisconsin,10.350000381469728,74700.0,2060.0,Male
345.0,112.0,6225.0,Texas,62.86000061035156,45300.0,1575.0,Male
122.0,66.0,5114.0,Illinois,31.57999992370605,77500.0,1761.0,"Information not provided by applicant in mail, Internet, or telephone application"
255.0,106.0,8807.0,Florida,83.5199966430664,51800.0,1974.0,Male
508.0,97.0,2599.0,New York,99.80999755859376,73700.0,408.0,Female
127.0,25.0,4919.0,Texas,97.72000122070312,42800.0,611.0,Male
